{"accuracy/top1": 66.42857360839844, "data_time": 0.22035583743342646, "time": 0.6359190764250578}